name,category,lat,lng,address,price,is_local,opening_hours,estimated_duration_minutes,best_time_to_visit,rating,description,image_url,highlights,notes
Đại Nội Huế (Hoàng Thành),ancient,16.47023,107.57725,"Đường 23/8, P. Thuận Hòa, TP. Huế",200000,False,07:00 - 17:30,150,morning,4.6,Quần thể hoàng cung triều Nguyễn được UNESCO công nhận là Di sản Văn hóa Thế giới.,https://example.com/images/dai-noi.jpg,Ngọ Môn; Điện Thái Hòa; Tử Cấm Thành; Cung Diên Thọ,Nên mang nón dù che nắng vì khuôn viên rất rộng; mặc đồ lịch sự.
Lăng Khải Định (Ứng Lăng),ancient,16.39893,107.59029,"Xã Thủy Bằng, TP. Huế",150000,False,07:00 - 17:30,90,morning,4.7,Đỉnh cao nghệ thuật ghép sành sứ và pha trộn kiến trúc Đông - Tây độc đáo.,https://example.com/images/lang-khai-dinh.jpg,Cung Thiên Định; Tượng đồng vua Khải Định; Tranh Cửu Long Ẩn Vân,Cần leo nhiều bậc thang dốc; không gian lộng lẫy để chụp ảnh.
Lăng Tự Đức (Khiêm Lăng),ancient,16.43255,107.56608,"Thôn Thượng Ba, P. Thủy Xuân, TP. Huế",150000,False,07:00 - 17:30,100,afternoon,4.6,"Khu lăng tẩm mang phong cách hoa viên sơn thủy hữu tình, trầm mặc và thi vị bậc nhất cố đô.",https://example.com/images/lang-tu-duc.jpg,Hồ Lưu Khiêm; Xung Khiêm Tạ; Nhà bia Khiêm Cung Ký,"Khuôn viên nhiều bóng mát, thích hợp tản bộ thư thả."
Lăng Minh Mạng (Hiếu Lăng),ancient,16.387889,107.56825,"Xã Hương Thọ, TP. Huế",150000,False,07:00 - 17:30,100,morning,4.6,"Lăng tẩm quy chuẩn đối xứng bậc nhất triều Nguyễn, hài hòa tuyệt đối giữa thiên nhiên và kiến trúc uy nghiêm.",https://example.com/images/lang-minh-mang.jpg,Đại Hồng Môn; Điện Sùng Ân; Cầu Thông Minh Chính Trực,Cách trung tâm khoảng 12km; khuôn viên rợp bóng thông xanh.
Lăng Gia Long (Thiên Thọ Lăng),ancient,16.36186,107.59683,"Xã Hương Thọ, TP. Huế",150000,False,07:00 - 17:00,90,morning,4.5,"Nơi an nghỉ của vị vua lập quốc triều Nguyễn, khung cảnh khoáng đạt và hoang sơ giữa rừng thông.",https://example.com/images/lang-gia-long.jpg,Mộ song táng; Điện Minh Thành; Rừng thông đại ngàn,"Khu vực yên tĩnh, thích hợp cho ai thích tìm hiểu lịch sử nguyên bản."
Lăng Thiệu Trị (Xương Lăng),ancient,16.41722,107.57250,"Làng Cư Chánh, Xã Thủy Bằng, TP. Huế",50000,False,07:00 - 17:00,60,morning,4.4,"Lăng tẩm không có la thành bao bọc riêng biệt, giao hòa với ruộng đồng và làng quê mộc mạc.",https://example.com/images/lang-thieu-tri.jpg,Điện Biểu Đức; Hồ Nhuận Trạch; Bức bình phong cổ,"Lăng vắng khách hơn các lăng khác, rất thanh bình và cổ kính."
Lăng Đồng Khánh (Tư Lăng),ancient,16.429444,107.568333,"Thôn Thượng Hai, P. Thủy Xuân, TP. Huế",100000,False,07:00 - 17:00,60,afternoon,4.4,Công trình phản ánh giai đoạn giao thoa nghệ thuật truyền thống và nét kiến trúc Tây Âu buổi đầu.,https://example.com/images/lang-dong-khanh.jpg,Điện Ngưng Hy; Hệ thống kính màu Tây phương; Hoa văn khảm sành sứ,"Nằm gần lăng Tự Đức, tiện kết hợp trên cùng một tuyến đường."
Cung An Định,ancient,16.456581,107.598519,"179 Phan Đình Phùng, P. Phú Nhuận, TP. Huế",50000,False,07:00 - 17:00,75,afternoon,4.5,"Biệt cung lộng lẫy mang kiến trúc La Mã kết hợp họa tiết cung đình, gắn liền với cựu hoàng Bảo Đại và Nam Phương Hoàng hậu.",https://example.com/images/cung-an-dinh.jpg,Lầu Khải Tường; Bạch Trà Viên; Tranh phong cảnh lăng tẩm,"Điểm chụp áo dài, cổ phục check-in kinh điển tại trung tâm Huế."
Chùa Thiên Mụ,spiritual,16.4533,107.5448,"Đường Kim Long, P. Kim Long, TP. Huế",0,False,07:00 - 18:00,60,sunset,4.6,"Biểu tượng tâm linh cổ xưa nhất xứ Huế, soi bóng hiền hòa xuống bờ sông Hương.",https://example.com/images/chua-thien-mu.jpg,Tháp Phước Duyên; Đại Hồng Chung; Chiếc xe hơi của cố HT Thích Quảng Đức,Mặc trang phục kín đáo; dưới dốc chùa có bán đậu hũ nước đường thơm ngon.
Chùa Từ Hiếu,spiritual,16.43855,107.57299,"Thôn Dương Xuân Thượng III, P. Thủy Xuân, TP. Huế",0,False,06:00 - 18:00,60,morning,4.7,"Chùa cổ ẩn mình trong rừng thông, nơi gắn với tích người con hiếu thảo và khu an nghỉ của các vị Thái giám.",https://example.com/images/chua-tu-hieu.jpg,Khu nghĩa trang Thái giám; Hồ bán nguyệt; Vườn thiền thanh tịnh,"Không gian tu học yên ắng, cần đi nhẹ nói khẽ, không xả rác."
Chùa Huyền Không Sơn Thượng,spiritual,16.45056,107.49361,"Thôn Chầm, P. Hương Hồ, Thị xã Hương Trà",0,False,06:30 - 18:00,90,morning,4.8,"Chùa Nam tông tĩnh mịch giữa thung lũng thông reo, đậm phong vị thiền thất ẩn dật.",https://example.com/images/huyen-khong-son-thuong.jpg,Cung Nghinh Lương; Vườn thư pháp; Hồ sen súng,"Đường vào có đoạn dốc cua nhỏ; trang phục thanh lịch, giữ sự thanh tịnh tuyệt đối."
Chùa Huyền Không 1 (Huyền Không Sơn Trung),spiritual,16.4716,107.5198,"Thôn Nham Biền, P. Hương Hồ, Thị xã Hương Trà",0,False,07:00 - 17:30,60,afternoon,4.5,"Ngôi chùa Phật giáo Nam tông với kiến trúc hài hòa giữa nét chùa Việt, phong cách Nhật và Ấn Độ.",https://example.com/images/huyen-khong-1.jpg,Tháp Phật; Cầu gỗ bắc qua hồ sen; Khuôn viên vườn hoa thanh nhã,"Không gian tĩnh lặng, thích hợp chiêm bái và vãng cảnh."
Chùa Báo Quốc,spiritual,16.4589,107.5789,"Đường Báo Quốc, P. Phường Đúc, TP. Huế",0,False,06:00 - 18:00,45,morning,4.5,"Ngôi tổ đình cổ kính nằm trên đồi Hàm Long, trung tâm đào tạo tăng tài nổi tiếng cố đô.",https://example.com/images/chua-bao-quoc.jpg,Tháp tổ Hàm Long; Giếng Hàm Long; Tam quan cổ kính,Đầu dốc chùa Báo Quốc có các quán bún bò giò heo rất chuẩn vị Huế.
Thiền viện Trúc Lâm Bạch Mã,spiritual,16.2731,107.7553,"Xã Lộc Hòa, Huyện Phú Lộc, Thừa Thiên Huế",0,False,07:30 - 16:30,120,morning,4.7,"Thiền viện tựa lưng vào núi rừng Bạch Mã, soi bóng lung linh xuống mặt nước hồ Truồi.",https://example.com/images/truc-lam-bach-ma.jpg,Đi thuyền vượt lòng hồ Truồi; Cầu thang đá dốc; Tượng Phật Thích Ca lộ thiên,Phải mua vé đò qua hồ (khoảng 30.000 - 50.000đ/người); không đùa giỡn trong khuôn viên thiền thất.
Điện Hòn Chén,spiritual,16.4251,107.5258,"Núi Ngọc Trản, Xã Hương Thọ, TP. Huế",50000,False,07:00 - 17:00,60,morning,4.4,"Cụm di tích tôn giáo thờ Thiên Y A Na Thánh Mẫu, gắn liền với sông nước và tín ngưỡng dân gian Huế.",https://example.com/images/dien-hon-chen.jpg,Minh Kính Đài; Nghi lễ hầu đồng tháng 3 & tháng 7 âm lịch,Có thể đi thuyền rồng trên sông Hương kết hợp tham quan chùa Thiên Mụ.
Bún bò Huế Mụ Rơi,food,16.47507,107.58298,"40 Nguyễn Chí Diểu, P. Thuận Thành, TP. Huế",45000,True,06:00 - 09:30,45,morning,4.5,"Quán bún bò lâu năm, nước dùng đậm đà hương vị mắm ruốc truyền thống, thịt bò thơm mềm.",https://example.com/images/bun-bo-mu-roi.jpg,Bún bò bắp giò; Chả cua thơm dẻo; Nước lèo thanh ngọt,"Quán bán buổi sáng và hết rất nhanh, nên đến trước 08:30."
Bánh bèo - nậm - lọc Bà Đỏ,food,16.48238,107.58946,"08 Nguyễn Bỉnh Khiêm, P. Gia Hội, TP. Huế",50000,True,08:00 - 21:00,45,afternoon,4.1,Địa chỉ ẩm thực nức tiếng với đầy đủ các món bánh cung đình mộc mạc của Huế.,https://example.com/images/banh-ba-do.jpg,Bánh bèo chén tôm cháy; Bánh nậm gói lá; Bánh lọc trần chả tôm,Quán phục vụ nhanh nhẹn; thích hợp đi nhóm đông để gọi mâm bánh đầy đủ.
Cơm hến & Bún hến Hoa Đông,food,16.4754,107.6032,"64 Kiệt 7 Ưng Bình, Cồn Hến, P. Vỹ Dạ, TP. Huế",25000,True,07:00 - 20:00,40,morning,4.4,"Quán cơm hến, bún hến cồn Hến lừng danh, giữ trọn vị cay nồng và mắm ruốc đặc trưng.",https://example.com/images/com-hen-hoa-dong.jpg,Cơm hến đầy ắp tóp mỡ; Bún hến; Chè bắp Cồn Hến,"Độ cay chuẩn Huế khá cao, nếu ăn cay ít hãy nhắc phục vụ trước."
Chè Hẻm Hùng Vương,food,16.4630,107.5940,"Số 1 Kiệt 29 Hùng Vương, P. Phú Hội, TP. Huế",15000,True,10:00 - 22:00,30,evening,4.3,Quán chè nằm sâu trong kiệt nhưng luôn đông nghẹt khách nhờ thực đơn hàng chục món chè cung đình độc đáo.,https://example.com/images/che-hem-hue.jpg,Chè bột lọc bọc heo quay; Chè hạt sen nhãn lồng; Chè đậu ngự,"Món bột lọc heo quay vị mặn béo ngọt hòa quyện, nên gọi thử một ly nhỏ."
Bánh ép chị Huệ,food,16.4355,107.5658,"116 Lê Ngô Cát, P. Thủy Xuân, TP. Huế",25000,True,14:00 - 20:00,40,afternoon,4.6,"Món ăn vặt tuổi thơ gây nghiện của giới trẻ Huế: bánh ép nóng hổi cuốn rau răm, đồ chua và chấm nước mắm ớt.",https://example.com/images/banh-ep-hue.jpg,Bánh ép trứng pate; Bánh ép bò khô; Đồ chua đu đủ chua ngọt,Nên ăn ngay khi vừa ra lò nóng giòn; giá hạt dẻ thích hợp ăn xế chiều.
Cà phê Muối (Gốc Đặng Thái Thân),food,16.4721,107.5768,"66 Đặng Thái Thân, P. Thuận Hòa, TP. Huế",25000,True,06:30 - 21:30,60,morning,4.5,"Nơi khai sinh ra thức uống cà phê muối trứ danh, kết hợp vị đắng của cà phê và lớp kem béo mặn mòi.",https://example.com/images/ca-phe-muoi.jpg,Cà phê muối pha phin; Lớp kem mặn mịn màng,"Quán giữ không gian sân vườn hoài cổ, ngồi buổi sáng sớm rất thư giãn."
Silk Path Grand Hue Hotel,hotel,16.45807,107.58025,"02 Lê Lợi, P. Vĩnh Ninh, TP. Huế",2000000,False,24/24,1440,all_day,4.7,"Khách sạn 5 sao sang trọng nằm trung tâm, phong cách pha trộn giữa quý tộc Đông Dương và nét cung đình lãng mạn.",https://example.com/images/silk-path-hue.jpg,Hồ bơi ngoài trời xanh mát; Nhà hàng ẩm thực Âu Á; Phòng ốc phong cách Indochine,"Vị trí ngay bờ sông Hương và sát ga xe lửa Huế, cực kỳ thuận tiện đi lại."
Azerai La Residence Hue,hotel,16.45909,107.58015,"05 Lê Lợi, P. Vĩnh Ninh, TP. Huế",5500000,False,24/24,1440,all_day,4.8,Khu nghỉ dưỡng di sản Art Deco danh tiếng trải dài bên bờ nam sông Hương thơ mộng.,https://example.com/images/azerai-la-residence.jpg,Dinh thự cổ thập niên 1930; Tầm nhìn ôm trọn sông Hương; Hồ bơi nước mặn,"Không gian riêng tư, đẳng cấp quốc tế, dịch vụ chăm sóc spa và ẩm thực hoàn hảo."
Pilgrimage Village Boutique Resort & Spa (Làng Hành Hương),hotel,16.4357,107.5705,"130 Minh Mạng, P. Thủy Xuân, TP. Huế",2200000,False,24/24,1440,all_day,4.8,"Khu resort mộc mạc ẩn mình giữa làng quê và vườn tược Thủy Xuân, hướng tới trải nghiệm tái tạo năng lượng.",https://example.com/images/lang-hanh-huong.jpg,Hồ bơi Vedanà; Nhà gỗ mộc truyền thống; Lớp học thiền & yoga miễn phí,"Tuyệt vời cho kỳ nghỉ dưỡng tĩnh tâm, tránh xa sự ồn ào đô thị."
Melia Vinpearl Hue,hotel,16.463017,107.594122,"50A Hùng Vương, P. Phú Nhuận, TP. Huế",1500000,False,24/24,1440,all_day,4.7,Tòa tháp cao tầng hiện đại nổi bật nhất trung tâm thành phố với góc nhìn toàn cảnh sông Hương và kinh thành.,https://example.com/images/vinpearl-hue.jpg,Sky Bar tầng thượng view ngắm trọn Huế; Bể bơi bốn mùa; Trung tâm thương mại,"Nằm ngay ngã 6 sầm uất, thuận tiện mua sắm, dạo bộ về đêm."
Sahi Wabi Sabi Hostel / Retreat,hotel,16.4435,107.5670,"27/245A Bùi Thị Xuân, P. Phường Đúc, TP. Huế",450000,True,07:00 - 22:00,1440,all_day,4.6,"Homestay mang phong cách tối giản Wabi-Sabi mộc mạc, nhiều ánh sáng tự nhiên và cây cỏ tĩnh tại.",https://example.com/images/sahi-wabi-sabi.jpg,Hồ bơi nhỏ bằng đá tự nhiên; Phòng dorm & private ốp gỗ thông; Sân trà đạo,"Thích hợp cho du khách du lịch một mình hoặc cặp đôi thích sự bình yên, nhẹ nhàng."
Đồi Vọng Cảnh,nature,16.4294,107.5619,"Số 102 Huyền Trân Công Chúa, P. Thủy Xuân, TP. Huế",0,False,05:00 - 19:00,60,sunset,4.6,Điểm cao tuyệt mỹ ngắm trọn khúc uốn chữ S của sông Hương trong ánh tà dương lãng đãng.,https://example.com/images/doi-vong-canh.jpg,Khúc quanh sông Hương; Rừng thông vi vu; Chòi ngắm cảnh mới sửa sang,Nên đi tầm 16:30 - 17:30 để đón khoảnh khắc hoàng hôn nhuộm vàng dòng sông.
Vườn Quốc gia Bạch Mã,nature,16.19704,107.86583,"Huyện Phú Lộc, Thừa Thiên Huế",60000,False,07:00 - 17:00,300,morning,4.7,"Thánh địa trekking với khí hậu mát lạnh, thảm thực vật ôn đới và những ngọn thác hùng vĩ bậc nhất miền Trung.",https://example.com/images/bach-ma.jpg,Hải Vọng Đài; Hệ thống thác Ngũ Hồ; Đỉnh thác Đỗ Quyên 300m,Nên thuê xe bán tải trung chuyển lên đỉnh (khoảng 19km đèo dốc); đi giày thể thao có độ bám cao.
Đầm Chuồn (Phá Tam Giang),nature,16.4952,107.6749,"Xã Phú An, Huyện Phú Vang, Thừa Thiên Huế",0,True,05:00 - 20:00,120,sunset,4.5,"Đầm nước lợ khổng lồ trong hệ đầm phá Tam Giang, nổi tiếng với hoàng hôn đỏ rực và hải sản tươi sống.",https://example.com/images/dam-chuon.jpg,Nhà chồ giữa đầm; Bánh khoái cá kình; Đi thuyền đuôi tôm,Nên ghé lúc xế chiều để đón hoàng hôn và thưởng thức hải sản trên các nhà bè nổi.
Đồi Thiên An & Hồ Thủy Tiên,nature,16.4065,107.5555,"Xã Thủy Bằng, TP. Huế",0,False,07:00 - 18:00,90,afternoon,4.4,"Không gian rừng thông xứ nhiệt đới lãng mạn như Đà Lạt, gắn liền với biểu tượng rồng hoang phế nổi tiếng quốc tế.",https://example.com/images/doi-thien-an.jpg,Tượng rồng hồ Thủy Tiên; Đồi thông bạt ngàn; Đan viện Thiên An,"Khu công viên nước đã bỏ hoang, cần cẩn trọng khi leo trèo hoặc bước qua khu vực đổ vỡ."
Suối Voi (Khu du lịch Suối Voi),nature,16.2291,107.9542,"Xã Lộc Tiến, Huyện Phú Lộc, Thừa Thiên Huế",50000,False,08:00 - 17:00,180,morning,4.3,Khu suối đá tự nhiên với tảng đá nguyên khối hình chú voi khổng lồ cùng làn nước mát lạnh trong vắt.,https://example.com/images/suoi-voi.jpg,Tảng đá voi phun nước; Hồ nước Vũng Đu; Tắm suối thư giãn,Thích hợp đi vào mùa hè từ tháng 3 đến tháng 8; nhớ thuê áo phao khi xuống tắm sâu.
Biển Cảnh Dương,nature,16.3155,108.0068,"Xã Lộc Vĩnh, Huyện Phú Lộc, Thừa Thiên Huế",0,True,Cả ngày,180,afternoon,4.4,"Bãi biển thoai thoải, bờ cát trắng phẳng lì lý tưởng cho các hoạt động cắm trại, tiệc nướng dã ngoại ngoài trời.",https://example.com/images/bien-canh-duong.jpg,Cắm trại bãi biển ban đêm; Đốt lửa trại; Tắm biển sóng êm,Mùa đẹp nhất từ tháng 4 đến tháng 8; có sẵn các dịch vụ cho thuê lều trại tiện lợi.
Làng hương Thủy Xuân,cultural,16.4355,107.56223,"Đường Huyền Trân Công Chúa, P. Thủy Xuân, TP. Huế",0,False,07:00 - 19:00,45,morning,4.5,"Làng nghề làm hương trầm thủ công truyền thống rực rỡ sắc màu, góc check-in nổi bật bậc nhất trên mạng xã hội.",https://example.com/images/lang-huong-thuy-xuan.jpg,Bó hương đa sắc xòe quạt; Trải nghiệm tự tay làm hương; Thuê cổ phục chụp ảnh,"Có thể chụp ảnh miễn phí tại các gian hàng; nên mua ủng hộ nụ trầm, quạt hoặc quà lưu niệm."
Cầu Tràng Tiền & Phố đi bộ Nguyễn Đình Chiểu,cultural,16.468889,107.588611,"Cầu Tràng Tiền, TP. Huế",0,False,17:00 - 23:00,60,evening,4.6,"Biểu tượng lịch sử bắc qua sông Hương gắn liền với không gian tản bộ, ca nhạc đường phố và quà vặt về đêm.",https://example.com/images/cau-trang-tien.jpg,Đèn màu chuyển sắc cầu Tràng Tiền; Thuyền rồng ca Huế dập dìu; Quầy quà lưu niệm,"Phố đi bộ hoạt động nhộn nhịp nhất vào các tối thứ Sáu, Bảy và Chủ Nhật."
Cầu Ngói Thanh Toàn & Chợ Quê,cultural,16.43852,107.64305,"Xã Thủy Thanh, Thị xã Hương Thủy, Thừa Thiên Huế",0,True,Cả ngày,60,afternoon,4.5,"Kiến trúc 'thượng gia hạ kiều' cổ kính hiếm có, bảo tồn trọn vẹn văn hóa làng quê nông thôn Bắc Trung Bộ.",https://example.com/images/cau-ngoi-thanh-toan.jpg,Cầu ngói cổ; Nhà trưng bày nông cụ truyền thống; Các món chè quê dân dã,Không khí mộc mạc yên bình; thứ Bảy và Chủ Nhật thường có phiên chợ quê tái hiện rộn ràng.
Nhà vườn An Hiên,cultural,16.4536,107.5517,"58 Nguyễn Phúc Nguyên, P. Kim Long, TP. Huế",50000,False,07:30 - 17:30,60,morning,4.6,"Ngôi nhà vườn tiêu biểu bậc nhất xứ Huế với kết cấu nhà rường cổ kính, hàng cây ăn trái và bình phong phong thủy.",https://example.com/images/nha-vuon-an-hien.jpg,Lối vào rợp bóng cây mơ; Nhà rường 3 gian 2 chái; Bể cạn trồng hoa sen súng,"Gần chùa Thiên Mụ, thích hợp cho người yêu kiến trúc truyền thống và không gian thanh tĩnh."
Không gian Lưu niệm Lê Bá Đảng (Lebadang Memory Space),cultural,16.4170,107.5450,"Thôn Kim Sơn, Xã Thủy Bằng, TP. Huế",269000,False,"08:00 - 12:00, 14:00 - 18:00 (Đóng cửa thứ Hai)",90,morning,4.7,"Bảo tàng nghệ thuật đương đại ngoài trời hòa hợp với thiên nhiên núi rừng, tôn vinh nghệ sĩ tài hoa Lê Bá Đảng.",https://example.com/images/lebadang-memory-space.jpg,Không gian ngầm dưới lòng đất; Tượng điêu khắc trên đồi; Tòa nhà chính màu trắng tinh khôi,Không gian nghệ thuật tinh tế; yêu cầu giữ gìn vệ sinh và không sờ vào tác phẩm nghệ thuật.
Làng hoa giấy Thanh Tiên,cultural,16.5122,107.6251,"Xã Phú Mậu, TP. Huế",0,True,07:30 - 17:30,60,morning,4.5,Làng nghề thủ công truyền thống hơn 300 năm chuyên làm hoa sen giấy tinh xảo dùng trong thờ cúng và trang trí.,https://example.com/images/lang-hoa-giay-thanh-tien.jpg,Hoa sen giấy rực rỡ; Trải nghiệm tự tay gấp cánh hoa sen; Nghệ nhân lão thành,Rộn ràng nhất vào những tháng giáp Tết Nguyên Đán; có thể mua hoa giấy về làm kỷ niệm.
Núi Ngự Bình,nature,16.44194,107.59500,"Phường An Tây, TP. Huế",0,True,Cả ngày,60,sunset,4.3,"Ngọn núi bình phong che chắn cho kinh thành Huế, biểu tượng thiên nhiên gắn bó khăng khít với sông Hương.",https://example.com/images/nui-ngu-binh.jpg,Rừng thông bạt ngàn; Tầm nhìn ôm trọn toàn cảnh thành phố Huế từ trên cao,Nên đi vào buổi chiều để ngắm hoàng hôn và tận hưởng gió mát.
Phố cổ Bao Vinh,cultural,16.4862,107.5824,"Phường Hương Vinh, TP. Huế",0,True,Cả ngày,90,afternoon,4.2,"Thương cảng cổ sầm uất thế kỷ XVII-XIX nay mang vẻ trầm mặc, bình yên với những mái nhà ngói cổ kính rêu phong ven bờ sông Hương.",https://example.com/images/pho-co-bao-vinh.jpg,Dãy nhà cổ bằng gỗ trăm năm; Cà phê Mắt Biếc; Bến đò ngang sông,Rất thích hợp cho những ai yêu nhiếp ảnh và không gian hoài cổ tĩnh lặng.
Làng cổ Phước Tích,cultural,16.63824,107.30994,"Xã Phong Hòa, Huyện Phong Điền, Thừa Thiên Huế",30000,True,07:00 - 18:00,120,morning,4.6,Ngôi làng cổ hơn 500 năm tuổi nổi tiếng với quần thể nhà rường cổ nguyên vẹn nép mình bên dòng sông Ô Lâu hiền hòa.,https://example.com/images/lang-co-phuoc-tich.jpg,Quần thể hơn 20 ngôi nhà rường cổ; Cây thị nghìn năm; Lò gốm cổ truyền,"Cách trung tâm Huế khoảng 40km về phía bắc, di chuyển bằng xe máy hoặc ô tô rất thuận tiện."
Bãi biển Thuận An,nature,16.556944,107.659167,"Phường Thuận An, TP. Huế",0,True,Cả ngày,120,sunset,4.3,"Cửa biển lịch sử và bãi tắm thân thuộc của người Huế, nổi tiếng với hải sản tươi ngon và gió biển mát lành.",https://example.com/images/bien-thuan-an.jpg,Bờ cát thoai thoải đón sóng; Hải sản chiều tươi rói; Miếu thờ Thái Dương Phu Nhân,Thích hợp tắm biển từ 15:30 trở đi và ăn tối hải sản tại các dãy quán ven biển.
Chợ Đông Ba,cultural,16.4726,107.5883,"2 Trần Hưng Đạo, P. Đông Ba, TP. Huế",0,True,06:00 - 19:00,90,morning,4.3,"Ngôi chợ truyền thống lâu đời và nhộn nhịp nhất xứ Huế, thiên đường ẩm thực dân dã và quà tặng lưu niệm đặc sản.",https://example.com/images/cho-dong-ba.jpg,Khu ẩm thực tầng 1; Gian hàng mè xửng tôm chua; Đồ lưu niệm nón bài thơ,Nên đi vào buổi sáng để cảm nhận nhịp sống bản địa và mặc cả nhẹ nhàng khi mua quà lưu niệm.
Bảo tàng Cổ vật Cung đình Huế,ancient,16.47131,107.58194,"3 Lê Trực, P. Thuận Thành, TP. Huế",50000,False,07:00 - 17:30,60,morning,4.5,"Nơi lưu giữ hàng ngàn cổ vật quý báu triều Nguyễn, đặt trong điện Long An - tòa nhà gỗ cung đình lộng lẫy bậc nhất.",https://example.com/images/bao-tang-co-vat.jpg,Kiến trúc điện Long An; Ngai vàng; Trang phục hoàng gia; Bộ sưu tập gốm sứ ký kiểu,Có thể mua vé gộp chung với Đại Nội để tiết kiệm chi phí tham quan.
Duyệt Thị Đường,ancient,16.4674,107.5862,"Trong Đại Nội Huế, TP. Huế",100000,False,09:00 - 16:30,60,morning,4.6,"Nhà hát hoàng gia cổ nhất Việt Nam còn tồn tại, nơi từng biểu diễn nhã nhạc và tuồng cung đình phục vụ vua chúa.",https://example.com/images/duyet-thi-duong.jpg,Sân khấu nhà hát cổ kính; Màn trình diễn Nhã nhạc Cung đình Huế; Mặt nạ tuồng truyền thống,Cần mua vé vào cổng Đại Nội trước; kiểm tra lịch biểu diễn nhã nhạc theo ca trong ngày.
Trung tâm Văn hóa Huyền Trân,spiritual,16.4178,107.5528,"151 Thiên Thai, P. An Tây, TP. Huế",30000,False,07:00 - 17:00,90,morning,4.4,"Không gian tâm linh thanh tịnh dưới chân núi Ngũ Phong, tưởng nhớ công chúa Huyền Trân và các bậc tiền nhân mở cõi.",https://example.com/images/trung-tam-huyen-tran.jpg,Đền thờ Công chúa Huyền Trân; Đền thờ Vua Trần Nhân Tông; Chuông Hòa Bình trên đỉnh núi,"Khuôn viên rộng nhiều cây xanh, nên leo lên tháp chuông để ngắm toàn cảnh núi đồi."
Đan viện Thiên An,spiritual,16.4065,107.5555,"Thôn Cư Chánh, Xã Thủy Bằng, TP. Huế",0,True,07:30 - 17:00,60,afternoon,4.5,"Đan viện Công giáo tôn nghiêm nằm ẩn mình giữa đồi thông thơ mộng, không gian tĩnh mịch đậm chất châu Âu.",https://example.com/images/dan-vien-thien-an.jpg,Nhà nguyện kiến trúc thanh thoát; Rừng thông xanh mát; Con đường dốc thông reo,Giữ trật tự tuyệt đối khi vào khuôn viên tu viện; kết hợp tham quan đồi Thiên An gần kề.
Làng Dương Nỗ,cultural,16.4925,107.6272,"Xã Phú Dương, TP. Huế",0,True,07:30 - 17:00,60,morning,4.3,"Ngôi làng bình dị ven bờ sông Phổ Lợi, nơi gắn liền với tuổi thơ của Chủ tịch Hồ Chí Minh trong những năm tháng ở Huế.",https://example.com/images/lang-duong-no.jpg,Nhà lưu niệm Bác Hồ thời niên thiếu; Đình làng Dương Nỗ; Bến nước cây đa,"Không gian đồng quê mộc mạc, thích hợp cho các chuyến tìm hiểu văn hóa lịch sử cội nguồn."
Phường Đúc Đồng Huế,cultural,16.4525,107.5695,"Đường Bùi Thị Xuân, P. Phường Đúc, TP. Huế",0,True,08:00 - 17:00,60,morning,4.4,"Làng nghề đúc đồng truyền thống trăm năm của cố đô, cái nôi đúc nên Cửu Đỉnh, Đại Hồng Chung chùa Thiên Mụ.",https://example.com/images/phuong-duc-dong.jpg,"Xưởng đúc thủ công đỏ lửa; Sản phẩm chuông đồng, tượng đồng tinh xảo; Giao lưu cùng nghệ nhân",Có thể đặt mua các sản phẩm lưu niệm bằng đồng nguyên chất chạm khắc tinh xảo.
Chùa Diệu Đế,spiritual,16.4779,107.5875,"110 Bạch Đằng, P. Gia Hội, TP. Huế",0,False,06:00 - 18:00,45,afternoon,4.5,"Ngôi quốc tự danh tiếng triều Nguyễn nằm soi bóng bên dòng sông Gia Hội hiền hòa, trung tâm Phật giáo quan trọng.",https://example.com/images/chua-dieu-de.jpg,Bức bích họa Long Vân Khế Hội trên trần chánh điện; Cổng tam quan cổ kính; Không gian thanh tịnh,Chiêm ngưỡng bức tranh rồng ẩn trong mây tuyệt mỹ trên trần điện thờ chính.
Nhà thờ Phủ Cam,spiritual,16.4508,107.5796,"6 Nguyễn Trường Tộ, P. Phước Vĩnh, TP. Huế",0,False,06:00 - 19:00,45,afternoon,4.6,Thánh đường Công giáo uy nghi với kiến trúc hiện đại độc đáo do kiến trúc sư Ngô Viết Thụ thiết kế.,https://example.com/images/nha-tho-phu-cam.jpg,Hai ngọn tháp chuông vút cao thanh thoát; Mái vòm bê tông uốn lượn; Thánh đường trang nghiêm,Địa điểm lý tưởng để ngắm kiến trúc và chụp ảnh kỷ niệm phong cách cổ điển phương Tây.
Đầm Lập An,nature,16.24048,108.06356,"Thị trấn Lăng Cô, Huyện Phú Lộc, Thừa Thiên Huế",0,True,Cả ngày,90,sunset,4.6,"Đầm nước lợ tuyệt đẹp nằm dưới chân đèo Hải Vân, khung cảnh mây núi trập trùng soi bóng đáy nước trong vắt.",https://example.com/images/dam-lap-an.jpg,Con đường rẽ nước xuất hiện khi thủy triều rút; Khung cảnh bè hàu mộc mạc; Cà phê ven đầm ngắm núi mây,"Điểm check-in nổi bật trên cung đường Huế - Đà Nẵng, hải sản hàu đầm cực kỳ tươi béo."
Vịnh Lăng Cô,nature,16.2308,108.0265,"Thị trấn Lăng Cô, Huyện Phú Lộc, Thừa Thiên Huế",0,False,Cả ngày,180,morning,4.7,Một trong những vịnh biển đẹp nhất thế giới với bãi cát trắng thoai thoải uốn quanh chân đèo Hải Vân hùng vĩ.,https://example.com/images/vinh-lang-co.jpg,Bãi biển cát trắng mịn màng; Nước biển xanh màu ngọc bích; Hải sản đầm phá tươi sống,Thời điểm tắm biển lý tưởng nhất từ tháng 4 đến tháng 8; nên kết hợp ngắm vịnh từ đèo Hải Vân.
Hải Vân Quan,ancient,16.1876,108.1311,"Đỉnh đèo Hải Vân, Thị trấn Lăng Cô, Huyện Phú Lộc, Thừa Thiên Huế",0,False,07:00 - 17:30,90,morning,4.8,"Đệ nhất hùng quan - cửa ải quân sự lịch sử nằm trên đỉnh đèo Hải Vân hiểm trở, ranh giới tự nhiên giữa Huế và Đà Nẵng.",https://example.com/images/hai-van-quan.jpg,Cổng thành đá rêu phong; Toàn cảnh vịnh Lăng Cô và Đà Nẵng từ trên cao; Vết tích hào chiến lũy,"Vừa được trùng tu khang trang; gió trên đỉnh đèo rất mạnh, nên chuẩn bị áo khoác nhẹ."
Hồ Truồi,nature,16.2798,107.7512,"Xã Lộc Hòa, Huyện Phú Lộc, Thừa Thiên Huế",0,True,07:00 - 17:00,120,morning,4.5,"Hồ nước nhân tạo rộng lớn yên bình dưới chân dãy núi Bạch Mã, làn nước trong vắt phẳng lặng quanh năm.",https://example.com/images/ho-truoi.jpg,Đi đò bồng bềnh giữa lòng hồ; Khung cảnh núi rừng mờ ảo mây sương; Các con suối đá thượng nguồn,Thường kết hợp cùng chuyến viếng thăm Thiền viện Trúc Lâm Bạch Mã nằm trên bán đảo giữa hồ.
Suối khoáng nóng Thanh Tân,nature,16.5298,107.4125,"Xã Phong Sơn, Huyện Phong Điền, Thừa Thiên Huế",180000,False,07:00 - 18:00,240,morning,4.4,"Khu nghỉ dưỡng suối khoáng nóng tự nhiên giữa đại ngàn thông xanh, lý tưởng để phục hồi sức khỏe và vận động ngoài trời.",https://example.com/images/suoi-khoang-thanh-tan.jpg,Ngâm tắm hồ bùn khoáng nóng; Đường trượt zipline dài nhất Việt Nam; Cầu dây văng Highwire,Thích hợp cho chuyến dã ngoại nghỉ dưỡng cả ngày dành cho gia đình hoặc nhóm bạn.
Bãi biển Vinh Thanh,nature,16.4582,107.7651,"Xã Vinh Thanh, Huyện Phú Vang, Thừa Thiên Huế",0,True,Cả ngày,120,afternoon,4.3,"Bãi biển thanh bình còn giữ trọn nét hoang sơ mộc mạc, nước biển xanh sạch và không quá đông đúc xô bồ.",https://example.com/images/bien-vinh-thanh.jpg,Bờ cát thoai thoải phẳng lặng; Thuyền thúng của ngư dân làng chài; Hải sản nướng tươi tại chỗ,Địa chỉ quen thuộc của người bản xứ cuối tuần; giá hải sản rất dễ chịu.
Hồ Khe Ngang,nature,16.4789,107.5028,"Phường Hương Hồ, Thị xã Hương Trà, Thừa Thiên Huế",0,True,Cả ngày,60,sunset,4.4,"Hồ nước thủy lợi mộc mạc từng xuất hiện trong nhiều khung hình điện ảnh, bao quanh bởi rừng thông và triền cỏ êm đềm.",https://example.com/images/ho-khe-ngang.jpg,Con đập tràn bằng bê tông thơ mộng; Lòng hồ tĩnh lặng in bóng mây trời; Bãi cỏ cắm trại dã ngoại,Đường vào cảnh sắc làng quê thanh bình; địa điểm picnic cuối tuần rất được bạn trẻ ưa chuộng.
Khu phố Tây Huế,cultural,16.4638,107.5947,"Phường Phú Hội, TP. Huế",0,False,18:00 - 02:00,120,evening,4.5,"Trục phố đi bộ sôi động về đêm gồm các tuyến Phạm Ngũ Lão, Chu Văn An, Võ Thị Sáu với vô số quán pub, cà phê và ẩm thực.",https://example.com/images/pho-tay-hue.jpg,Âm nhạc đường phố náo nhiệt; Quán bia thủ công và pub sôi động; Ẩm thực fusion đa dạng,Phố cấm xe vào các buổi tối cuối tuần; không gian tụ họp lý tưởng nhất của giới trẻ và khách quốc tế.
Bánh khoái Hạnh,food,16.46639,107.59511,"11 Phó Đức Chính, P. Phú Hội, TP. Huế",60000,True,09:00 - 21:00,45,afternoon,4.3,Thương hiệu bánh khoái cung đình nổi danh nhiều thế hệ với lớp vỏ vàng ruộm giòn tan và nước chấm gan tương đậu bùi ngậy.,https://example.com/images/banh-khoai-hanh.jpg,Bánh khoái giòn rụm nhân tôm thịt; Nước lèo chấm đặc biệt; Nem lụi nướng than hoa,"Không gian quán rộng rãi; nên kết hợp gọi combo gồm bánh khoái, nem lụi và bánh bèo."
Nem lụi Tài Phú,food,16.4632,107.5878,"02 Điện Biên Phủ, P. Vĩnh Ninh, TP. Huế",55000,True,08:30 - 22:00,45,evening,4.2,"Quán nem lụi và đồ nướng gia truyền quen thuộc của người dân Huế, đĩa nem thơm nức bọc sả nướng trên than hồng.",https://example.com/images/nem-lui-tai-phu.jpg,Nem lụi quấn sả thơm lừng; Bánh ướt thịt nướng; Rau sống tươi rói và dưa góp,Nước chấm tương đậu sền sệt là điểm nhấn níu chân thực khách nhiều năm qua.
Cà phê Giao,food,16.4746,107.5956,"118 Chi Lăng, P. Gia Hội, TP. Huế",35000,True,07:00 - 22:00,60,morning,4.5,"Quán cà phê mang phong cách hoài niệm, ẩn mình bình yên trong lòng thành phố nhộn nhịp, góc trò chuyện thư thả.",https://example.com/images/ca-phe-giao.jpg,Không gian nhà cổ ngập tràn ánh nắng; Cà phê phin truyền thống; Góc ngồi đọc sách an yên,Rất thích hợp cho những ai tìm kiếm một chốn tĩnh lặng để làm việc hoặc trò chuyện nhẹ nhàng.
Phố đi bộ Hai Bà Trưng,cultural,16.4625,107.5912,"Đường Hai Bà Trưng, P. Vĩnh Ninh, TP. Huế",0,False,18:00 - 23:00,90,evening,4.4,"Tuyến phố đi bộ văn minh, hiện đại kết hợp rạp chiếu phim, không gian biểu diễn nghệ thuật đường phố và ẩm thực phong phú.",https://example.com/images/pho-di-bo-hai-ba-trung.jpg,Biểu diễn âm nhạc ngoài trời; Tượng nghệ thuật đường phố; Các thương hiệu ẩm thực nổi tiếng,Đông vui náo nhiệt vào các tối cuối tuần; vỉa hè rộng rãi thoáng mát rất dễ đi dạo.
Kỳ Đài & Phu Văn Lâu - Nghênh Lương Đình,ancient,16.46629,107.58029,"Đường Lê Duẩn, P. Phú Hòa, TP. Huế",0,False,Cả ngày,45,sunset,4.6,"Cụm di tích lịch sử và cột cờ triều Nguyễn sừng sững bên bờ bắc sông Hương, biểu tượng oai nghiêm của cố đô Huế.",https://example.com/images/phu-van-lau.jpg,Kỳ Đài Huế; Phu Văn Lâu cổ kính; Nghênh Lương Đình đón gió sông Hương,Không gian thoáng mát ven sông Hương; địa điểm ngắm cờ đỏ sao vàng và tản bộ chiều lý tưởng.
Làng cổ Kim Long,cultural,16.45846,107.56061,"Phường Kim Long, TP. Huế",0,True,Cả ngày,90,morning,4.5,"Vùng đất kinh kỳ xưa từng là thủ phủ xứ Đàng Trong, nổi tiếng với những khu nhà vườn rường cổ và đặc sản bánh ướt thịt nướng.",https://example.com/images/lang-co-kim-long.jpg,Dãy nhà rường cổ kính có tuổi đời hàng thế kỷ; Bánh ướt thịt nướng Kim Long trứ danh; Đường hoa ven sông,Thích hợp kết hợp dạo xe đạp từ trung tâm ghé chùa Thiên Mụ và ghé thưởng thức ẩm thực bản địa.
